[
  {
    "type": "diagnostic",
    "id": "diag_fao72kz0",
    "date": "2025-01-15",
    "panel": "Hormones + thyroid + micronutrients"
  },
  {
    "type": "exercise_update",
    "id": "ex_update_41ibljh7",
    "date": "2025-01-29",
    "details": "Introduce interval runs (low-impact)"
  },
  {
    "type": "exercise_update",
    "id": "ex_update_hr5xff0t",
    "date": "2025-02-12",
    "details": "Add mobility circuit for thoracic rotation"
  },
  {
    "type": "exercise_update",
    "id": "ex_update_pvn9er14",
    "date": "2025-02-26",
    "details": "Add tempo work for deadlifts"
  },
  {
    "type": "travel",
    "id": "trip_divuzzpq",
    "start": "2025-03-01",
    "end": "2025-03-07",
    "location": "South Korea"
  },
  {
    "type": "travel",
    "id": "trip_divuzzpq",
    "start": "2025-03-01",
    "end": "2025-03-07",
    "location": "South Korea"
  },
  {
    "type": "exercise_update",
    "id": "ex_update_w2pcn9t8",
    "date": "2025-03-12",
    "details": "Increase squat volume by 10%"
  },
  {
    "type": "exercise_update",
    "id": "ex_update_ye511mkf",
    "date": "2025-03-26",
    "details": "Increase squat volume by 10%"
  },
  {
    "type": "exercise_update",
    "id": "ex_update_85jsg65k",
    "date": "2025-04-09",
    "details": "Add mobility circuit for thoracic rotation"
  },
  {
    "type": "travel",
    "id": "trip_51fpkh1d",
    "start": "2025-04-10",
    "end": "2025-04-16",
    "location": "Jakarta"
  },
  {
    "type": "diagnostic",
    "id": "diag_xrghc0cl",
    "date": "2025-04-15",
    "panel": "Comprehensive bloods + lipids (ApoB, Lp(a), hs-CRP)"
  },
  {
    "type": "exercise_update",
    "id": "ex_update_vf1t2tal",
    "date": "2025-04-23",
    "details": "Increase squat volume by 10%"
  },
  {
    "type": "exercise_update",
    "id": "ex_update_en93iiuc",
    "date": "2025-05-07",
    "details": "Deload week for recovery, then progress"
  },
  {
    "type": "exercise_update",
    "id": "ex_update_39tex8fs",
    "date": "2025-05-21",
    "details": "Add mobility circuit for thoracic rotation"
  },
  {
    "type": "exercise_update",
    "id": "ex_update_pht0hl9x",
    "date": "2025-06-04",
    "details": "Deload week for recovery, then progress"
  },
  {
    "type": "exercise_update",
    "id": "ex_update_6qicatva",
    "date": "2025-06-18",
    "details": "Increase squat volume by 10%"
  },
  {
    "type": "exercise_update",
    "id": "ex_update_i64ciyhe",
    "date": "2025-07-02",
    "details": "Add mobility circuit for thoracic rotation"
  },
  {
    "type": "diagnostic",
    "id": "diag_vs4f8cgv",
    "date": "2025-07-14",
    "panel": "Hormones + thyroid + micronutrients"
  },
  {
    "type": "exercise_update",
    "id": "ex_update_uirodxmo",
    "date": "2025-07-16",
    "details": "Increase squat volume by 10%"
  },
  {
    "type": "exercise_update",
    "id": "ex_update_y9dom5ig",
    "date": "2025-07-30",
    "details": "Deload week for recovery, then progress"
  },
  {
    "type": "travel",
    "id": "trip_dkwnnhj7",
    "start": "2025-07-30",
    "end": "2025-08-05",
    "location": "UK"
  },
  {
    "type": "travel",
    "id": "trip_dkwnnhj7",
    "start": "2025-07-30",
    "end": "2025-08-05",
    "location": "UK"
  },
  {
    "type": "exercise_update",
    "id": "ex_update_fgq5c34d",
    "date": "2025-08-13",
    "details": "Add mobility circuit for thoracic rotation"
  },
  {
    "type": "exercise_update",
    "id": "ex_update_4874frho",
    "date": "2025-08-27",
    "details": "Increase squat volume by 10%"
  }
]