{
  "preferred_name": "Rohan Patel",
  "dob": "1979-03-12",
  "age": 46,
  "gender": "Male",
  "residence": "Singapore",
  "travel_hubs": [
    "UK",
    "US",
    "South Korea",
    "Jakarta"
  ],
  "occupation": "Regional Head of Sales (FinTech)",
  "assistant": "Sarah Tan",
  "goals": [
    "Maintain healthy cholesterol and blood pressure by 2026-12-31",
    "Enhance cognitive function and focus by 2026-06-30",
    "Implement annual full-body screenings starting 2025-11-01"
  ],
  "success_metrics": [
    "ApoB",
    "BP",
    "CRP",
    "HRV",
    "sleep quality",
    "cognitive scores"
  ],
  "wearables": [
    "Garmin",
    "considering Oura"
  ],
  "report_cadence": [
    "Monthly trends",
    "Quarterly deep dives"
  ],
  "communication_prefs": {
    "channels": "WhatsApp-style chat; logistics via PA for scheduling",
    "response_time": "24-48 hours for non-urgent; escalate via PA for urgent",
    "detail_depth": "Executive summary with optional deep dive"
  },
  "availability": "Morning exercise; travels ~1 week every 4 weeks",
  "chronic_condition": "Elevated ApoB (atherogenic lipids) with borderline hypertension"
}