[
  {
    "doctor_hours": 1.7,
    "coach_hours": 1.2,
    "nutrition_hours": 0.0,
    "pt_hours": 0.5,
    "concierge_hours": 1.4,
    "consults": 2,
    "month": "2025-01"
  },
  {
    "doctor_hours": 0.4,
    "coach_hours": 1.9999999999999998,
    "nutrition_hours": 0.0,
    "pt_hours": 1.0,
    "concierge_hours": 0.6000000000000001,
    "consults": 0,
    "month": "2025-02"
  },
  {
    "doctor_hours": 0.0,
    "coach_hours": 1.9999999999999998,
    "nutrition_hours": 0.0,
    "pt_hours": 1.0,
    "concierge_hours": 1.5999999999999999,
    "consults": 0,
    "month": "2025-03"
  },
  {
    "doctor_hours": 1.5,
    "coach_hours": 0.6000000000000001,
    "nutrition_hours": 0.0,
    "pt_hours": 1.0,
    "concierge_hours": 1.2999999999999998,
    "consults": 1,
    "month": "2025-04"
  },
  {
    "doctor_hours": 0.0,
    "coach_hours": 2.4,
    "nutrition_hours": 0.0,
    "pt_hours": 1.0,
    "concierge_hours": 0.8,
    "consults": 0,
    "month": "2025-05"
  },
  {
    "doctor_hours": 0.2,
    "coach_hours": 2.4,
    "nutrition_hours": 0.0,
    "pt_hours": 1.0,
    "concierge_hours": 1.0,
    "consults": 0,
    "month": "2025-06"
  },
  {
    "doctor_hours": 1.7,
    "coach_hours": 2.8000000000000003,
    "nutrition_hours": 0.0,
    "pt_hours": 1.5,
    "concierge_hours": 0.8,
    "consults": 1,
    "month": "2025-07"
  },
  {
    "doctor_hours": 0.2,
    "coach_hours": 1.0,
    "nutrition_hours": 0.0,
    "pt_hours": 1.0,
    "concierge_hours": 1.5999999999999999,
    "consults": 0,
    "month": "2025-08"
  }
]