[
  {
    "id": "why_m5rrvsff",
    "decision": "Order & review quarterly diagnostics",
    "reason": "Track biomarkers and adjust plan",
    "links": [
      "diag_fao72kz0"
    ]
  },
  {
    "id": "why_cxhgnzei",
    "decision": "Progress strength program",
    "reason": "Performance adaptation, avoid plateaus",
    "links": [
      "ex_update_41ibljh7"
    ]
  },
  {
    "id": "why_3zrrhf4a",
    "decision": "Progress strength program",
    "reason": "Performance adaptation, avoid plateaus",
    "links": [
      "ex_update_hr5xff0t"
    ]
  },
  {
    "id": "why_bufwbucj",
    "decision": "Progress strength program",
    "reason": "Performance adaptation, avoid plateaus",
    "links": [
      "ex_update_pvn9er14"
    ]
  },
  {
    "id": "why_g8vuazxk",
    "decision": "Travel-specific routine & nutrition swaps",
    "reason": "Maintain adherence during travel",
    "links": [
      "trip_divuzzpq"
    ]
  },
  {
    "id": "why_dq95g3v2",
    "decision": "Travel-specific routine & nutrition swaps",
    "reason": "Maintain adherence during travel",
    "links": [
      "trip_divuzzpq"
    ]
  },
  {
    "id": "why_3gxj0mqv",
    "decision": "Progress strength program",
    "reason": "Performance adaptation, avoid plateaus",
    "links": [
      "ex_update_w2pcn9t8"
    ]
  },
  {
    "id": "why_indh4spf",
    "decision": "Progress strength program",
    "reason": "Performance adaptation, avoid plateaus",
    "links": [
      "ex_update_ye511mkf"
    ]
  },
  {
    "id": "why_drwb2ser",
    "decision": "Progress strength program",
    "reason": "Performance adaptation, avoid plateaus",
    "links": [
      "ex_update_85jsg65k"
    ]
  },
  {
    "id": "why_ev361xsn",
    "decision": "Travel-specific routine & nutrition swaps",
    "reason": "Maintain adherence during travel",
    "links": [
      "trip_51fpkh1d"
    ]
  },
  {
    "id": "why_bti22nv0",
    "decision": "Order & review quarterly diagnostics",
    "reason": "Track biomarkers and adjust plan",
    "links": [
      "diag_xrghc0cl"
    ]
  },
  {
    "id": "why_1zderi4k",
    "decision": "Progress strength program",
    "reason": "Performance adaptation, avoid plateaus",
    "links": [
      "ex_update_vf1t2tal"
    ]
  },
  {
    "id": "why_5ogz2uea",
    "decision": "Progress strength program",
    "reason": "Performance adaptation, avoid plateaus",
    "links": [
      "ex_update_en93iiuc"
    ]
  },
  {
    "id": "why_xylnfxj4",
    "decision": "Progress strength program",
    "reason": "Performance adaptation, avoid plateaus",
    "links": [
      "ex_update_39tex8fs"
    ]
  },
  {
    "id": "why_pnjy1o2r",
    "decision": "Progress strength program",
    "reason": "Performance adaptation, avoid plateaus",
    "links": [
      "ex_update_pht0hl9x"
    ]
  },
  {
    "id": "why_ntjlmz04",
    "decision": "Progress strength program",
    "reason": "Performance adaptation, avoid plateaus",
    "links": [
      "ex_update_6qicatva"
    ]
  },
  {
    "id": "why_x0qzfhom",
    "decision": "Progress strength program",
    "reason": "Performance adaptation, avoid plateaus",
    "links": [
      "ex_update_i64ciyhe"
    ]
  },
  {
    "id": "why_tzzf8adf",
    "decision": "Order & review quarterly diagnostics",
    "reason": "Track biomarkers and adjust plan",
    "links": [
      "diag_vs4f8cgv"
    ]
  },
  {
    "id": "why_7pchcbn9",
    "decision": "Progress strength program",
    "reason": "Performance adaptation, avoid plateaus",
    "links": [
      "ex_update_uirodxmo"
    ]
  },
  {
    "id": "why_wszv83xp",
    "decision": "Progress strength program",
    "reason": "Performance adaptation, avoid plateaus",
    "links": [
      "ex_update_y9dom5ig"
    ]
  },
  {
    "id": "why_hx2kbvsi",
    "decision": "Travel-specific routine & nutrition swaps",
    "reason": "Maintain adherence during travel",
    "links": [
      "trip_dkwnnhj7"
    ]
  },
  {
    "id": "why_gbiaf92m",
    "decision": "Travel-specific routine & nutrition swaps",
    "reason": "Maintain adherence during travel",
    "links": [
      "trip_dkwnnhj7"
    ]
  },
  {
    "id": "why_ovs0cdk3",
    "decision": "Progress strength program",
    "reason": "Performance adaptation, avoid plateaus",
    "links": [
      "ex_update_fgq5c34d"
    ]
  },
  {
    "id": "why_6m8jvh7u",
    "decision": "Progress strength program",
    "reason": "Performance adaptation, avoid plateaus",
    "links": [
      "ex_update_4874frho"
    ]
  }
]